{"cameraMode":{"drawMode":0,"name":"Shaded","section":"Shading Mode"},"sceneLighting":false,"audioPlay":false,"sceneViewState":{"showFog":true,"showMaterialUpdate":false,"showSkybox":true,"showFlares":true,"showImageEffects":true,"showParticleSystems":true},"in2DMode":false,"pivot":{"x":18.97258758544922,"y":10.53870964050293,"z":13.048026084899903},"rotation":{"x":0.11918191611766815,"y":-0.8353580236434937,"z":0.19991669058799745,"w":0.49803030490875246},"size":5.7157673835754398,"orthographic":false}